vlen,elen,workload_type,dataset_type,distance_type,dimension,num_points,num_queries,top_k,SimSecond,SimTick,SimIns,SimOp,HstInsRate,HstOpRate,CPU_CPI,CPU_IPC,L1i_TotHits,L1i_TotMisses,L1i_TotMissRate,L1i_TotAvgMissLat,L1d_TotHits,L1d_TotMisses,L1d_TotMissRate,L1d_TotAvgMissLat,L1d_ReadReqHits,L1d_ReadReqMisses,L1d_ReadReqMissRate,L1d_ReadReqAvgMissLat,L1d_WriteReqHits,L1d_WriteReqMisses,L1d_WriteReqMissRate,L1d_WriteReqAvgMissLat,L2_TotHits,L2_TotMisses,L2_TotMissRate,L2_TotAvgMissLat
128,64,rv,random,euclidean,4096,1000,100,100,17.019029,17019029304977,32192559874,32192564871,384171,384171,0.634650,1.575672,128702405,8744,0.000068,54057.832228,7856988923,239792848,0.029616,35080.336465,7827254378,233865297,0.029012,35058.223778,29734545,5927551,0.166214,35952.769298,377331174,18010006,0.045556,83201.748071
128,64,rv,random,euclidean,32,1000,100,1,0.209361,209361232829,416095115,416100128,124229,124230,0.604030,1.655546,85879759,3279,0.000038,49578.107350,119268327,12975094,0.098115,24475.287026,93769687,12167523,0.114856,23967.198973,25498640,807571,0.030699,32130.555820,2568299,29333,0.011292,80811.346845
128,64,rv,random,euclidean,4096,1000,100,50,16.645407,16645406945391,31495341572,31495346569,395452,395452,0.634458,1.576148,125023416,8561,0.000068,52367.978741,7691424835,229163695,0.028933,35208.514223,7662338279,223410096,0.028331,35185.670350,29086556,5753599,0.165143,36095.533289,370021421,17335786,0.044754,83197.115547
128,64,rv,random,euclidean,4096,1000,100,5,16.113382,16113381971372,30495970654,30495975651,385334,385334,0.634307,1.576525,122674211,8740,0.000071,52322.979291,7447513337,221520748,0.028885,34904.856854,7418981152,215920616,0.028281,34867.300026,28532185,5600132,0.164071,36352.910814,358771530,16401399,0.043717,83059.276966
128,64,rv,random,euclidean,128,1000,100,1,0.566976,566976023838,1109088246,1109093329,199888,199889,0.613696,1.629470,93379326,3281,0.000035,48844.113990,297159486,10956655,0.035560,25073.235415,269257640,9941507,0.035607,24453.946465,27901846,1015148,0.035106,31138.031322,8837675,37902,0.004270,77077.028389
128,64,rv,random,euclidean,2048,1000,100,1,8.143565,8143564690632,15440696204,15440701193,342981,342981,0.633144,1.579419,109071854,8758,0.000080,52674.932861,3852970056,45079220,0.011565,52659.635628,3823173088,42442459,0.010979,53535.658631,29796968,2636761,0.081297,38558.785990,124656316,8004601,0.060339,82554.213829
128,64,rv,random,euclidean,128,1000,100,5,0.567011,567011257239,1109168845,1109173928,180825,180826,0.613690,1.629487,93399549,3288,0.000035,48697.818431,297191544,10959887,0.035567,25074.835236,269274835,9945202,0.035618,24455.843003,27916709,1014685,0.035072,31141.745449,8838152,37899,0.004270,77138.078788
128,64,rv,random,euclidean,3072,1000,100,50,12.436069,12436069232573,23564942379,23564947420,376617,376617,0.633537,1.578441,115877263,8999,0.000078,51944.339704,5856783101,75751899,0.012769,52610.024481,5826247919,72399362,0.012274,53226.048404,30535182,3352537,0.098931,39306.744308,193593417,13231291,0.063973,83168.173479
128,64,rv,random,euclidean,2048,1000,100,100,8.595094,8595093986640,16285145080,16285150069,346851,346851,0.633598,1.578287,114058508,12806,0.000112,48556.627675,4063813834,48245703,0.011733,54090.428789,4032604190,45496752,0.011156,55028.470148,31209644,2748951,0.080950,38565.293895,130856348,8912148,0.063764,82744.901042
128,64,rv,random,euclidean,16,1000,100,5,0.154452,154451747912,300607846,300613971,111547,111549,0.616804,1.621259,81790522,3063,0.000037,51442.577212,93292196,9355602,0.091143,25616.784285,69390938,8571851,0.109948,25001.125291,23901258,783751,0.031750,32350.220242,1804967,29375,0.016014,81608.575489
128,64,rv,random,euclidean,64,1000,100,100,0.345041,345040774295,678134295,678139350,146353,146354,0.610815,1.637157,93947512,4036,0.000043,43591.740337,190841252,10882293,0.053947,24995.661293,162736352,9932525,0.057524,24391.971160,28104900,949768,0.032689,31308.958158,6573991,31768,0.004809,81310.722205
128,64,rv,random,euclidean,1024,1000,100,100,4.307342,4307342147024,8185335575,8185340520,470841,470841,0.631725,1.582968,108744282,7044,0.000065,45253.635576,2055305748,29350507,0.014079,40424.722044,2024420756,27392448,0.013350,40753.047587,30884992,1958059,0.059619,35831.581409,62661565,3272407,0.049632,81194.883588
128,64,rv,random,euclidean,64,1000,100,10,0.325298,325297818804,641365695,641370750,143704,143705,0.608878,1.642365,89986205,4017,0.000045,42876.585761,180157429,10171570,0.053442,25052.408194,153374582,9274563,0.057022,24422.635604,26782847,897007,0.032406,31563.913189,6079969,30288,0.004957,79653.546949
128,64,rv,random,euclidean,128,1000,100,100,0.600970,600969855864,1172959326,1172964409,170828,170828,0.615070,1.625830,97542563,3328,0.000034,48773.551683,314662102,11741155,0.035971,25012.799606,285371002,10666482,0.036031,24425.254879,29291100,1074673,0.035391,30844.373726,9567614,37722,0.003927,76740.225280
128,64,rv,random,euclidean,8,1000,100,50,0.133855,133854855799,257823762,257830017,104956,104959,0.623256,1.604478,80991991,2993,0.000037,53021.994654,85177909,6385559,0.069739,26358.189630,61439536,5552616,0.082885,25498.748416,23738373,832943,0.033899,32087.449656,1432160,29728,0.020335,81062.388186
128,64,rv,random,euclidean,2048,1000,100,5,8.143578,8143577648780,15440776868,15440781857,342671,342671,0.633142,1.579425,109083306,8757,0.000080,52498.690647,3852999002,45083246,0.011565,52652.194524,3823187468,42446645,0.010981,53527.270493,29811534,2636601,0.081256,38564.344665,124656936,8004773,0.060340,82543.026996
128,64,rv,random,euclidean,3072,1000,100,5,12.030556,12030556464255,22802851762,22802856803,371194,371194,0.633361,1.578878,113676510,8948,0.000079,54103.201051,5667618939,72963178,0.012710,51917.820276,5637720149,69676579,0.012208,52502.366737,29898790,3286599,0.099038,39525.314312,188001016,12464785,0.062179,83137.272179
128,64,rv,random,euclidean,32,1000,100,50,0.215533,215533138912,427929523,427934536,122221,122223,0.604640,1.653877,87520125,3306,0.000038,47609.502722,122569670,13576253,0.099718,24409.441112,96474770,12740713,0.116657,23923.338008,26094900,835540,0.031026,31821.773418,2669618,28930,0.010721,80673.949533
128,64,rv,random,euclidean,64,1000,100,50,0.335693,335692594230,661317702,661322757,144037,144038,0.609378,1.641018,91671146,4047,0.000044,42809.037064,185800834,10517245,0.053572,25010.398401,158413624,9593224,0.057100,24395.372758,27387210,924021,0.032638,31395.619907,6355556,30301,0.004745,79686.863239
128,64,rv,random,euclidean,128,1000,100,50,0.585805,585804907604,1145031841,1145036924,186791,186791,0.614173,1.628207,95186172,3292,0.000035,48677.615128,306844622,11354954,0.035685,25026.828652,278292475,10310037,0.035724,24429.649859,28552147,1044917,0.035305,30919.100912,9256206,37737,0.004060,75949.700586
128,64,rv,random,euclidean,8,1000,100,1,0.131150,131149570013,253071816,253078071,106873,106876,0.622126,1.607392,79585080,2953,0.000037,52785.627497,83338513,6227144,0.069526,26371.569784,60081118,5407264,0.082568,25487.678180,23257395,819880,0.034052,32201.002449,1399106,29536,0.020674,81479.025257
128,64,rv,random,euclidean,8,1000,100,10,0.131188,131187919667,253203322,253209577,104840,104842,0.621984,1.607758,79613240,2972,0.000037,52905.029610,83398168,6228274,0.069491,26369.613209,60116161,5407906,0.082533,25486.826748,23282007,820368,0.034037,32188.984754,1399132,29716,0.020797,81029.164087
128,64,rv,random,euclidean,16,1000,100,50,0.158385,158384724925,307835928,307842053,110100,110102,0.617659,1.619016,83301714,3072,0.000037,50913.871094,95667964,9722523,0.092252,25575.089591,71232631,8916220,0.111246,24978.919299,24435333,806303,0.031943,32167.630452,1868035,29240,0.015412,81639.598119
128,64,rv,random,euclidean,3072,1000,100,10,12.030461,12030461461438,22802902701,22802907742,367953,367953,0.633355,1.578894,113685388,8972,0.000079,51909.863798,5667641676,72972576,0.012712,51894.590251,5637733446,69684715,0.012209,52481.286901,29908230,3287861,0.099044,39459.822216,188003245,12464105,0.062175,83080.583764
128,64,rv,random,euclidean,2048,1000,100,10,8.143560,8143560487314,15440827733,15440832722,334086,334087,0.633139,1.579433,109094288,8747,0.000080,52536.710987,3853016071,45084167,0.011566,52642.131389,3823194371,42447035,0.010981,53512.698200,29821700,2637132,0.081245,38629.567785,124657835,8004785,0.060339,82525.569206
128,64,rv,random,euclidean,256,1000,100,100,1.126086,1126085708804,2177165866,2177171141,232395,232396,0.620919,1.610516,100952594,4172,0.000041,43696.560403,565971504,13284086,0.022933,25026.979279,535861599,12034409,0.021965,24395.305559,30109905,1249677,0.039850,31110.007060,15220128,53176,0.003482,73045.220946
128,64,rv,random,euclidean,4096,1000,100,1,16.113319,16113319094033,30495889990,30495894987,384059,384059,0.634306,1.576527,122652607,8740,0.000071,52344.519108,7447473378,221517128,0.028885,34904.182388,7418958446,215914149,0.028280,34866.793964,28514932,5602979,0.164224,36344.967656,358771836,16401256,0.043717,83058.459002
128,64,rv,random,euclidean,16,1000,100,10,0.154474,154473955692,300658761,300664886,101120,101122,0.616789,1.621301,81802185,3057,0.000037,51090.939156,93317470,9359431,0.091154,25615.994124,69409049,8572142,0.109926,25000.840287,23908421,787289,0.031880,32313.897998,1805089,29251,0.015946,81598.388568
128,64,rv,random,euclidean,512,1000,100,100,2.206036,2206036214907,4231989426,4231994623,465953,465954,0.625782,1.598001,106181167,5540,0.000052,38779.608303,1076911703,17697807,0.016168,24826.099885,1046144769,16212000,0.015260,24149.548576,30766934,1485807,0.046068,32208.115067,29256403,140657,0.004785,70094.168410
128,64,rv,random,euclidean,128,1000,100,10,0.567029,567028974316,1109219770,1109224853,167491,167492,0.613681,1.629511,93406350,3289,0.000035,48640.716327,297210302,10966363,0.035585,25068.672749,269283907,9950661,0.035635,24456.775529,27926395,1015702,0.035094,31063.326494,8839456,37745,0.004252,75950.442045
128,64,rv,random,euclidean,16,1000,100,100,0.162640,162639582301,315132093,315138218,110726,110728,0.619567,1.614029,85237405,3093,0.000036,51113.020045,98191150,10064324,0.092968,25560.036143,73130777,9244933,0.112229,24980.315505,25060373,819391,0.031661,32100.843224,1926174,29352,0.015010,81872.716067
128,64,rv,random,euclidean,32,1000,100,100,0.221620,221620441350,438729994,438735007,125210,125211,0.606412,1.649045,89634964,3326,0.000037,47381.570956,125886752,14069464,0.100528,24389.097028,99107366,13213294,0.117639,23918.327894,26779386,856170,0.030981,31654.489388,2754003,29037,0.010434,80519.187209
128,64,rv,random,euclidean,256,1000,100,10,1.062040,1062040200592,2060215433,2060220708,220781,220781,0.618847,1.615908,96157687,3386,0.000035,49161.268754,534946292,12435975,0.022719,25113.318074,506238253,11245678,0.021731,24446.257125,28708039,1190297,0.039811,31415.570907,14035415,53055,0.003766,73200.996287
128,64,rv,random,euclidean,4096,1000,100,10,16.113460,16113459936007,30496021473,30496026470,387252,387252,0.634309,1.576520,122653275,8500,0.000069,52410.008000,7447509356,221544647,0.028888,34909.595010,7418971620,215939375,0.028283,34873.135973,28537736,5605272,0.164170,36314.155162,358776978,16398753,0.043710,83082.408995
128,64,rv,random,euclidean,256,1000,100,1,1.062006,1062005818517,2060083829,2060089104,226809,226810,0.618867,1.615857,96154395,3399,0.000035,49909.419241,534883325,12429840,0.022711,25104.156915,506201981,11237957,0.021718,24445.388476,28681344,1191883,0.039898,31315.514404,14034826,52438,0.003722,73417.290762
128,64,rv,random,euclidean,8,1000,100,5,0.131179,131178687528,253152416,253158671,102522,102525,0.622066,1.607547,79605247,2957,0.000037,52739.294893,83371978,6227370,0.069502,26371.267232,60100180,5407493,0.082547,25487.326522,23271798,819877,0.034032,32201.291980,1399170,29550,0.020683,81452.769374
128,64,rv,random,euclidean,256,1000,100,50,1.097232,1097231552585,2127351134,2127356409,215601,215602,0.619176,1.615050,97983311,3383,0.000035,49085.195980,552417618,12880031,0.022785,25072.896300,523070258,11659731,0.021805,24422.698767,29347360,1220300,0.039921,31285.408251,14719389,53082,0.003593,73247.105968
128,64,rv,random,euclidean,64,1000,100,5,0.325289,325289452152,641314853,641319908,142531,142532,0.608911,1.642277,89981856,4003,0.000044,43472.278541,180129508,10174882,0.053466,25066.402418,153360565,9274665,0.057027,24421.186848,26768943,900217,0.032535,31713.864379,6078319,30692,0.005024,80657.443927
128,64,rv,random,euclidean,64,1000,100,1,0.325256,325256180466,641234261,641239316,143787,143788,0.608925,1.642238,89962994,4000,0.000044,43493.220750,180095622,10172238,0.053463,25065.130141,153341751,9271348,0.057015,24419.658105,26753871,900890,0.032576,31707.889934,6078034,30693,0.005024,80625.749324
128,64,rv,random,euclidean,32,1000,100,10,0.209409,209408584714,416226630,416231643,122574,122576,0.603976,1.655695,85908029,3297,0.000038,48059.072187,119323548,12982343,0.098124,24470.025519,93801149,12173430,0.114871,23968.245501,25522399,808913,0.030721,32021.373970,2566713,28950,0.011153,80682.179413
128,64,rv,random,euclidean,3072,1000,100,100,12.717982,12717982358032,24091535966,24091541007,372015,372015,0.633737,1.577943,119013119,8603,0.000072,53223.790887,5988289124,77602914,0.012793,53231.843516,5957010105,74178161,0.012299,53871.432526,31279019,3424753,0.098685,39378.717030,197367376,13769949,0.065218,83258.321322
128,64,rv,random,euclidean,32,1000,100,5,0.209389,209388830952,416175714,416180727,124919,124920,0.603993,1.655649,85898609,3286,0.000038,49343.969264,119300885,12976149,0.098098,24475.339145,93787731,12168692,0.114846,23967.301747,25513154,807457,0.030678,32131.660926,2568367,29337,0.011293,80795.558851
128,64,rv,random,euclidean,2048,1000,100,50,8.407589,8407588737919,15935781110,15935786099,340180,340181,0.633364,1.578872,111192299,8781,0.000079,52563.144289,3976354523,46827209,0.011639,53492.398138,3945904224,44136900,0.011062,54406.650579,30450299,2690309,0.081179,38493.277748,128293937,8528531,0.062333,82632.188284
128,64,rv,random,euclidean,256,1000,100,5,1.062047,1062047455189,2060164532,2060169807,200579,200579,0.618867,1.615857,96173974,3398,0.000035,49843.209535,534918404,12433696,0.022716,25105.192567,506222796,11241668,0.021725,24446.686936,28695608,1192028,0.039884,31315.366899,14035564,52433,0.003722,73404.496996
128,64,rv,random,euclidean,8,1000,100,100,0.137019,137018991305,263016451,263022706,106316,106318,0.625393,1.598995,82721104,3016,0.000036,52236.501989,87166231,6579239,0.070182,26354.595742,62882735,5740437,0.083652,25526.939220,24283496,838802,0.033389,32018.757393,1474227,29726,0.019765,81046.349357
128,64,rv,random,euclidean,3072,1000,100,1,12.030543,12030543237881,22802771215,22802776256,366970,366970,0.633363,1.578874,113659952,8948,0.000079,53946.990277,5667597986,72960148,0.012710,51920.463033,5637714129,69673011,0.012208,52505.422869,29883857,3287137,0.099097,39521.858088,188000418,12464678,0.062179,83142.074136
128,64,rv,random,euclidean,16,1000,100,1,0.154424,154423820754,300527246,300533371,108745,108747,0.616858,1.621118,81773975,3057,0.000037,51101.838731,93256082,9355157,0.091171,25616.756312,69369294,8571336,0.109973,25001.017308,23886788,783821,0.031771,32350.061356,1804905,29360,0.016006,81588.390668
512,64,rv,random,euclidean,4096,1000,100,100,6.778627,6778627353211,12850862136,12850863626,483717,483717,0.633234,1.579194,58272610,3502,0.000060,55604.771845,3141868188,91402479,0.028269,33352.266544,3127352386,88476095,0.027513,33198.990733,14515802,2926384,0.167776,37986.396990,152026405,6013712,0.038052,82375.495958
512,64,rv,random,euclidean,32,1000,100,1,0.209366,209366366608,416094808,416099083,146733,146734,0.604045,1.655505,85879713,3270,0.000038,48936.584709,119262116,12982076,0.098167,24475.622032,93765399,12172861,0.114905,23966.507565,25496717,809215,0.030762,32134.130130,2566210,29181,0.011243,81050.769233
512,64,rv,random,euclidean,4096,1000,100,50,16.644409,16644409119681,31495341215,31495345474,412963,412963,0.634420,1.576242,124850360,7022,0.000056,55133.876104,7691409023,229051827,0.028919,35196.361486,7662322261,223298717,0.028317,35176.251840,29086762,5753110,0.165130,35976.888593,370023688,17334789,0.044751,83142.250436
512,64,rv,random,euclidean,4096,1000,100,5,16.112448,16112448429938,30495970251,30495974510,409274,409274,0.634270,1.576616,122438394,6706,0.000055,54775.774530,7447426290,221465994,0.028878,34898.964958,7418895918,215864338,0.028274,34862.110781,28530372,5601656,0.164117,36319.170444,358778604,16397824,0.043707,83036.207863
512,64,rv,random,euclidean,128,1000,100,1,0.566983,566982696168,1109087834,1109092179,221385,221386,0.613704,1.629450,93383264,3292,0.000035,48644.973269,297155092,10959691,0.035570,25071.897135,269255720,9942358,0.035610,24452.981925,27899372,1017333,0.035181,31120.532719,8837724,37844,0.004264,76608.484330
512,64,rv,random,euclidean,2048,1000,100,1,8.143482,8143482300268,15440695925,15440700176,379640,379640,0.633138,1.579435,108979164,7655,0.000070,53479.361724,3852949824,45070986,0.011563,52678.416701,3823151992,42435366,0.010978,53554.553865,29797832,2635620,0.081262,38571.982074,124655959,8003108,0.060328,82564.172449
512,64,rv,random,euclidean,128,1000,100,5,0.567017,567017412276,1109168497,1109172842,230076,230077,0.613697,1.629469,93403170,3299,0.000035,48636.190967,297187856,10962893,0.035576,25073.250873,269273620,9946018,0.035621,24454.637497,27914236,1016875,0.035148,31123.886173,8838147,37842,0.004263,76622.373368
512,64,rv,random,euclidean,3072,1000,100,50,12.436085,12436084896305,23564941915,23564946218,409695,409695,0.633537,1.578439,115885687,8974,0.000077,52631.787832,5856789640,75738652,0.012767,52624.711095,5826255445,72385423,0.012272,53237.884746,30534195,3353229,0.098952,39388.265253,193587587,13234391,0.063989,83201.489651
512,64,rv,random,euclidean,2048,1000,100,100,6.810062,6810061724431,12920025623,12920027713,486320,486320,0.632765,1.580365,94492516,10772,0.000114,47398.875418,3224966814,37493603,0.011492,51144.007559,3198973588,35170890,0.010875,51935.813759,25993226,2322713,0.082028,39154.352041,104693827,6337649,0.057080,82369.490914
512,64,rv,random,euclidean,16,1000,100,5,0.154452,154451565485,300607174,300611887,116561,116563,0.616805,1.621258,81791774,3051,0.000037,51266.221894,93290000,9359246,0.091177,25601.322054,69393406,8571469,0.109940,25000.579328,23896594,787777,0.031914,32137.750070,1805065,29189,0.015913,80700.820035
512,64,rv,random,euclidean,64,1000,100,100,0.345041,345040730979,678133952,678138269,350939,350941,0.610815,1.637156,93948587,4040,0.000043,42898.056683,190846727,10878625,0.053928,24990.373808,162742551,9928416,0.057499,24390.692855,28104176,950209,0.032704,31256.239489,6575655,30165,0.004566,80147.219758
512,64,rv,random,euclidean,1024,1000,100,100,4.307401,4307401014301,8185335375,8185339582,459348,459349,0.631733,1.582946,108731964,7406,0.000068,44870.985822,2055315692,29352462,0.014080,40414.099911,2024430223,27395150,0.013352,40734.469263,30885469,1957312,0.059596,35930.110417,62662052,3273329,0.049644,81192.582657
512,64,rv,random,euclidean,64,1000,100,10,0.325300,325300008761,641365415,641369732,148393,148394,0.608883,1.642353,89985431,4018,0.000045,43697.878049,180152388,10175741,0.053464,25053.186719,153368009,9280543,0.057059,24419.236753,26784379,895198,0.032341,31625.363952,6078996,30341,0.004966,80139.776639
512,64,rv,random,euclidean,128,1000,100,100,0.600975,600974560648,1172958983,1172963328,398806,398807,0.615075,1.625817,97542985,3304,0.000034,48858.072034,314662645,11739764,0.035967,25025.731861,285369827,10667092,0.036033,24425.166368,29292818,1072672,0.035325,30998.002383,9566721,38548,0.004013,77261.145247
512,64,rv,random,euclidean,8,1000,100,50,0.133864,133863763901,257823089,257827932,112787,112789,0.623299,1.604367,80992772,2987,0.000037,53342.676264,85178012,6384744,0.069731,26358.693012,61438350,5553678,0.082901,25500.924690,23739662,831066,0.033823,32090.811833,1432822,29431,0.020127,81500.199280
512,64,rv,random,euclidean,2048,1000,100,5,8.143515,8143515369535,15440776525,15440780776,382245,382245,0.633137,1.579437,109000738,7666,0.000070,53450.652231,3852985355,45075150,0.011563,52671.658643,3823172969,42439684,0.010979,53546.819973,29812386,2635466,0.081222,38578.678385,124656510,8003429,0.060330,82556.621586
512,64,rv,random,euclidean,3072,1000,100,5,12.030512,12030512099508,22802851325,22802855628,396937,396937,0.633359,1.578883,113698659,8959,0.000079,52385.648956,5667616229,72960194,0.012710,51913.475951,5637717128,69674199,0.012208,52494.473271,29899101,3285995,0.099020,39594.369288,187999422,12465199,0.062182,83102.096843
512,64,rv,random,euclidean,32,1000,100,50,0.215521,215521022927,427929324,427933599,133738,133740,0.604606,1.653969,87506259,3288,0.000038,48910.121959,122575626,13573708,0.099697,24410.125006,96481130,12738034,0.116628,23922.747332,26094496,835674,0.031031,31839.138462,2671526,28940,0.010717,80795.384174
512,64,rv,random,euclidean,64,1000,100,50,0.335703,335702635212,661317422,661321739,162020,162021,0.609396,1.640968,91677891,4053,0.000044,43895.174439,185797721,10520906,0.053591,25011.131182,158408879,9598794,0.057133,24391.993744,27388842,922112,0.032571,31456.088759,6354636,30340,0.004752,80221.078148
512,64,rv,random,euclidean,128,1000,100,50,0.585813,585812763627,1145031435,1145035780,224085,224085,0.614181,1.628184,95186212,3282,0.000034,49059.689823,306846305,11352384,0.035677,25045.293549,278293874,10308040,0.035717,24429.486916,28552431,1044344,0.035286,31123.520083,9255593,38538,0.004146,76688.510016
512,64,rv,random,euclidean,8,1000,100,1,0.131154,131154089038,253071143,253075986,109522,109524,0.622149,1.607333,79585687,2955,0.000037,53514.400677,83336280,6228876,0.069546,26375.147927,60080656,5407813,0.082577,25489.625508,23255624,821063,0.034102,32207.513598,1399141,29625,0.020735,81293.751021
512,64,rv,random,euclidean,8,1000,100,10,0.131198,131198181394,253202657,253207500,113702,113705,0.622035,1.607628,79614289,2972,0.000037,53733.264805,83398096,6227702,0.069486,26370.673371,60114961,5409049,0.082551,25489.768060,23283135,818653,0.033966,32191.039257,1399792,29414,0.020581,81542.205786
512,64,rv,random,euclidean,16,1000,100,50,0.158378,158378085082,307835242,307839955,116032,116034,0.617635,1.619080,83301526,3063,0.000037,51133.363696,95668600,9720423,0.092234,25564.997929,71231539,8916488,0.111250,24979.816861,24437061,803935,0.031850,32055.273839,1868421,29228,0.015402,80885.150814
512,64,rv,random,euclidean,3072,1000,100,10,12.030489,12030489286137,22802902295,22802906598,396142,396142,0.633356,1.578890,113684862,8935,0.000079,52696.409737,5667643318,72958923,0.012709,51915.792608,5637735817,69670622,0.012207,52499.918958,29907501,3288301,0.099058,39539.660946,187997433,12467076,0.062191,83121.580529
512,64,rv,random,euclidean,2048,1000,100,10,8.143518,8143518453301,15440827351,15440831602,377447,377447,0.633135,1.579441,108988619,7611,0.000070,52836.015635,3853001006,45083279,0.011565,52693.417262,3823179491,42446248,0.010980,53565.235073,29821515,2637031,0.081243,38660.440386,124657658,8002872,0.060326,82625.304265
512,64,rv,random,euclidean,256,1000,100,100,1.123932,1123931669098,2177165420,2177169957,446001,446002,0.619731,1.613602,100462576,3397,0.000034,49073.189873,565753224,13304307,0.022976,25054.345933,535642632,12055609,0.022011,24425.603605,30110592,1248698,0.039819,31124.566005,15217975,53045,0.003474,73067.514393
512,64,rv,random,euclidean,4096,1000,100,1,16.112400,16112399745253,30495889651,30495893910,401659,401659,0.634270,1.576617,122413070,6702,0.000055,54743.213817,7447390977,221467171,0.028879,34898.786926,7418877888,215862632,0.028274,34862.065656,28513089,5604539,0.164271,36313.131614,358778496,16397846,0.043707,83038.577981
512,64,rv,random,euclidean,16,1000,100,10,0.154468,154467981416,300658089,300662802,116740,116742,0.616766,1.621360,81802064,3045,0.000037,51364.229885,93318275,9357514,0.091137,25605.498049,69408280,8572437,0.109930,25001.790644,23909995,785077,0.031791,32197.518566,1805437,29232,0.015933,80901.068452
512,64,rv,random,euclidean,512,1000,100,100,2.206028,2206028254759,4231989152,4231993611,468754,468754,0.625780,1.598006,106180629,5546,0.000052,39360.676884,1076914284,17693213,0.016164,24814.759153,1046149560,16205473,0.015254,24149.080794,30764724,1487740,0.046128,32065.779276,29258270,140328,0.004773,69812.621879
512,64,rv,random,euclidean,128,1000,100,10,0.567043,567043433530,1109219364,1109223709,217601,217602,0.613697,1.629469,93406208,3270,0.000035,49407.853823,297216108,10964116,0.035577,25087.772967,269289543,9948873,0.035629,24456.591533,27926565,1015243,0.035079,31273.034946,8838728,38557,0.004343,76690.298260
512,64,rv,random,euclidean,16,1000,100,100,0.162630,162629744571,315131357,315136070,278997,279001,0.619531,1.614123,85230955,3092,0.000036,50363.093790,98189995,10063139,0.092959,25546.764573,73128817,9245197,0.112234,24980.438679,25061178,817942,0.031606,31947.945168,1926026,29296,0.014983,80943.840319
512,64,rv,random,euclidean,32,1000,100,100,0.221670,221670091482,438729616,438733891,314389,314392,0.606548,1.648674,89654961,3319,0.000037,48094.644170,125897723,14066195,0.100499,24422.591243,99118121,13210527,0.117606,23949.470270,26779602,855668,0.030963,31727.033373,2753896,30202,0.010848,80775.919542
512,64,rv,random,euclidean,256,1000,100,10,1.064211,1064210767018,2060214992,2060219529,263760,263760,0.620112,1.612612,96654186,4132,0.000043,43802.655857,535160619,12414986,0.022673,25083.004019,506455337,11222224,0.021678,24418.023453,28705282,1192762,0.039894,31339.542096,14037271,53086,0.003768,72878.504559
512,64,rv,random,euclidean,4096,1000,100,10,16.112487,16112486599664,30496021179,30496025438,410718,410718,0.634270,1.576615,122459840,6987,0.000057,55359.985401,7447514828,221412779,0.028871,34902.469458,7418976678,215808198,0.028266,34868.941969,28538150,5604581,0.164152,36193.468214,358783833,16396923,0.043704,83038.162962
512,64,rv,random,euclidean,256,1000,100,1,1.062005,1062005117131,2060083486,2060088023,282835,282835,0.618866,1.615858,96153183,3394,0.000035,49371.325869,534885874,12425305,0.022702,25110.918112,506202318,11235917,0.021715,24445.927992,28683556,1189388,0.039815,31392.950382,14035071,52367,0.003717,73930.033876
512,64,rv,random,euclidean,8,1000,100,5,0.131183,131182937494,253151743,253156586,113018,113020,0.622087,1.607491,79605918,2963,0.000037,52992.350658,83369831,6229103,0.069522,26375.565228,60099804,5408043,0.082556,25490.149987,23270027,821060,0.034081,32207.494315,1399171,29629,0.020737,81255.027237
512,64,rv,random,euclidean,256,1000,100,50,1.099403,1099402857049,2127350670,2127355207,259376,259376,0.620401,1.611860,98486054,4149,0.000042,43752.275970,552646024,12858768,0.022739,25043.015344,523300990,11636437,0.021753,24394.809634,29345034,1222331,0.039988,31213.851977,14721158,53115,0.003595,72935.712115
512,64,rv,random,euclidean,64,1000,100,5,0.325289,325289331367,641314510,641318827,170574,170575,0.608911,1.642276,89981693,3998,0.000044,43732.083292,180133693,10169589,0.053439,25076.592889,153362202,9272203,0.057013,24421.623986,26771491,897386,0.032433,31844.031457,6078383,30956,0.005067,80860.529429
512,64,rv,random,euclidean,64,1000,100,1,0.325256,325255708155,641233918,641238235,168089,168090,0.608924,1.642240,89962767,3995,0.000044,43689.442553,180099762,10166907,0.053435,25075.141111,153343345,9268846,0.057000,24419.887718,26756417,898061,0.032474,31837.981035,6078235,30960,0.005068,80792.800097
512,64,rv,random,euclidean,32,1000,100,10,0.209406,209405889959,416226431,416230706,138219,138221,0.603968,1.655716,85906206,3270,0.000038,48687.958410,119332722,12979569,0.098098,24470.838536,93810792,12170457,0.114836,23967.750602,25521930,809112,0.030728,32038.159336,2568591,28953,0.011146,80795.731081
512,64,rv,random,euclidean,3072,1000,100,100,6.872473,6872472510960,13042857570,13042859296,490944,490944,0.632551,1.580901,70843793,4987,0.000070,52336.352717,3244137333,40855744,0.012437,49175.779656,3224824001,38678660,0.011852,49628.084934,19313332,2177084,0.101305,41140.002412,108666861,6376833,0.055430,82716.076735
512,64,rv,random,euclidean,32,1000,100,5,0.209394,209393706501,416175401,416179676,134461,134463,0.604007,1.655609,85898517,3271,0.000038,48919.077346,119294464,12983090,0.098150,24475.893504,93783230,12173993,0.114895,23966.846942,25511234,809097,0.030740,32135.209105,2566320,29174,0.011240,81077.897820
512,64,rv,random,euclidean,2048,1000,100,50,8.407533,8407533457540,15935780563,15935784814,378911,378911,0.633359,1.578882,111085080,7650,0.000069,52812.744444,3976339744,46824996,0.011639,53534.420318,3945889496,44134937,0.011061,54449.008271,30450248,2690059,0.081172,38529.068504,128293619,8526480,0.062319,82718.509595
512,64,rv,random,euclidean,256,1000,100,5,1.062033,1062032838538,2060164150,2060168687,257126,257127,0.618858,1.615879,96163183,3397,0.000035,49140.869591,534919144,12429461,0.022708,25112.507630,506221332,11239923,0.021721,24447.847500,28697812,1189538,0.039801,31392.869156,14035827,52361,0.003717,73980.918795
512,64,rv,random,euclidean,8,1000,100,100,0.137026,137026368353,263015834,263020677,267706,267711,0.625428,1.598905,82719617,3013,0.000036,51853.904414,87163152,6581384,0.070206,26360.110963,62882758,5740063,0.083647,25527.298114,24280394,841321,0.033490,32042.125581,1474282,29605,0.019686,81857.237190
512,64,rv,random,euclidean,3072,1000,100,1,12.030466,12030465888833,22802770788,22802775091,399912,399912,0.633359,1.578884,113671044,8960,0.000079,52260.616406,5667590735,72955885,0.012709,51913.516240,5637706570,69669348,0.012207,52494.808926,29884165,3286537,0.099080,39591.037457,187998479,12465383,0.062183,83102.196221
512,64,rv,random,euclidean,16,1000,100,1,0.154424,154423699136,300526582,300531295,116136,116138,0.616859,1.621115,81775328,3039,0.000037,51104.920039,93253872,9358870,0.091206,25601.137449,69371771,8570999,0.109965,25000.311280,23882101,787871,0.031936,32137.334994,1805035,29191,0.015915,80689.298311
256,64,rv,random,euclidean,4096,1000,100,100,17.019036,17019036090595,32192559751,32192564252,404326,404326,0.634650,1.575671,128689227,8765,0.000068,53323.974672,7857040532,239749518,0.029610,35087.440553,7827305906,233822187,0.029006,35065.798081,29734626,5927331,0.166209,35941.195824,377333161,18011626,0.045559,83237.542935
256,64,rv,random,euclidean,32,1000,100,1,0.209368,209368092584,416094983,416099500,124517,124519,0.604050,1.655492,85880688,3271,0.000038,49288.337511,119263769,12980796,0.098158,24476.219199,93768448,12170044,0.114878,23967.124120,25495321,810752,0.030820,32118.148560,2567150,29147,0.011226,80900.359145
256,64,rv,random,euclidean,4096,1000,100,50,16.644355,16644354679799,31495341368,31495345869,390515,390515,0.634418,1.576247,124835143,6732,0.000054,55345.500000,7691325787,229142841,0.028930,35186.176873,7662240790,223387828,0.028328,35163.943648,29084997,5755013,0.165184,36049.186539,370014769,17334096,0.044751,83134.276737
256,64,rv,random,euclidean,4096,1000,100,5,16.112471,16112471226649,30495970326,30495974827,393308,393308,0.634271,1.576614,122436280,6719,0.000055,54493.374758,7447401887,221492158,0.028882,34894.190657,7418871450,215890435,0.028277,34858.934110,28530437,5601723,0.164119,36252.978170,358768372,16397565,0.043707,83039.547026
256,64,rv,random,euclidean,128,1000,100,1,0.566973,566972776804,1109087910,1109092497,159438,159438,0.613693,1.629479,93378904,3271,0.000035,48791.746255,297160847,10955546,0.035557,25073.300712,269257789,9941756,0.035608,24453.486237,27903058,1013790,0.035059,31151.526262,8838296,37847,0.004264,76961.397601
256,64,rv,random,euclidean,2048,1000,100,1,8.143502,8143502461367,15440696036,15440700529,356319,356319,0.633139,1.579431,108972223,7680,0.000070,53276.966276,3852951631,45074397,0.011563,52690.276186,3823154186,42438255,0.010978,53563.797184,29797445,2636142,0.081278,38627.791356,124655540,8003255,0.060330,82594.707257
256,64,rv,random,euclidean,128,1000,100,5,0.567008,567008229284,1109168509,1109173096,194778,194779,0.613687,1.629496,93399305,3281,0.000035,48812.124352,297192648,10958725,0.035563,25074.465763,269274729,9945396,0.035618,24454.894485,27917919,1013329,0.035025,31155.296085,8838739,37852,0.004264,76974.184402
256,64,rv,random,euclidean,3072,1000,100,50,12.436144,12436144257551,23564942027,23564946572,382950,382950,0.633540,1.578431,115884684,8985,0.000078,52936.246077,5856783849,75746857,0.012768,52625.448246,5826249505,72393642,0.012273,53238.874322,30534344,3353215,0.098951,39381.994484,193593057,13230197,0.063969,83211.696579
256,64,rv,random,euclidean,2048,1000,100,100,8.595177,8595177005086,16285144744,16285149237,357558,357558,0.633604,1.578272,114059831,12676,0.000111,48580.407542,4063803552,48250040,0.011734,54112.336862,4032594614,45500540,0.011157,55052.519277,31208938,2749500,0.080967,38553.577958,130857891,8909696,0.063747,82796.399686
256,64,rv,random,euclidean,16,1000,100,5,0.154454,154453613832,300607400,300612581,110361,110363,0.616813,1.621237,81790463,3047,0.000037,52538.324253,93290850,9358512,0.091170,25611.328633,69392909,8571818,0.109945,25001.807919,23897941,786694,0.031870,32252.666476,1804802,29495,0.016080,81492.318190
256,64,rv,random,euclidean,64,1000,100,100,0.345043,345042845966,678134065,678138624,133174,133175,0.610819,1.637146,93948846,4037,0.000043,43155.260094,190839693,10885309,0.053961,24995.976994,162733986,9936496,0.057546,24391.694418,28105707,948813,0.032656,31324.359306,6573148,31759,0.004808,81759.963853
256,64,rv,random,euclidean,1024,1000,100,100,4.307372,4307371770170,8185335435,8185339884,471728,471728,0.631729,1.582957,108739573,7415,0.000068,44595.326231,2055320067,29349155,0.014079,40396.677100,2024436525,27389785,0.013349,40713.751470,30883542,1959370,0.059659,35964.334644,62661449,3274046,0.049655,81172.930027
256,64,rv,random,euclidean,64,1000,100,10,0.325300,325300130379,641365527,641370086,146378,146379,0.608883,1.642352,89984403,4022,0.000045,43076.579811,180153441,10173424,0.053452,25048.598077,153371253,9275900,0.057031,24422.318659,26782188,897524,0.032425,31521.188506,6080753,29608,0.004846,80876.593421
256,64,rv,random,euclidean,128,1000,100,100,0.600964,600964095669,1172959031,1172963618,171467,171468,0.615065,1.625846,97542361,3326,0.000034,48573.467228,314665677,11738622,0.035963,25010.568997,285371914,10666766,0.036032,24426.077163,29293763,1071856,0.035298,30827.243640,9567753,37717,0.003927,76771.252645
256,64,rv,random,euclidean,8,1000,100,50,0.133865,133865374090,257823306,257828615,105356,105358,0.623306,1.604349,80995298,2983,0.000037,54011.518941,85176246,6387460,0.069760,26383.900126,61440154,5552562,0.082883,25500.831902,23736092,834898,0.033979,32256.822403,1431949,29862,0.020428,81662.918224
256,64,rv,random,euclidean,2048,1000,100,5,8.143547,8143546670343,15440776700,15440781193,344913,344913,0.633140,1.579431,108993608,7683,0.000070,53445.791748,3852987735,45078156,0.011564,52686.236037,3823175726,42442172,0.010979,53558.908564,29812009,2635984,0.081237,38635.271577,124656157,8003407,0.060330,82589.270115
256,64,rv,random,euclidean,3072,1000,100,5,12.030605,12030605393009,22802851500,22802856045,377960,377960,0.633364,1.578871,113692737,8966,0.000079,51948.132054,5667620132,72966351,0.012711,51934.614799,5637720494,69680752,0.012209,52511.791334,29899638,3285599,0.099008,39693.895531,188001158,12462665,0.062169,83145.881890
256,64,rv,random,euclidean,32,1000,100,50,0.215561,215561365950,427929431,427933948,124959,124961,0.604719,1.653660,87519715,3308,0.000038,48734.025393,122570756,13577356,0.099725,24443.078882,96477257,12740550,0.116653,23953.094522,26093499,836806,0.031073,31903.195367,2668482,30205,0.011192,80597.048866
256,64,rv,random,euclidean,64,1000,100,50,0.335703,335702573570,661317534,661322093,137727,137728,0.609396,1.640969,91676795,4051,0.000044,43273.229326,185799133,10518644,0.053580,25006.344819,158412308,9594380,0.057107,24394.594158,27386825,924264,0.032647,31356.660642,6356309,29617,0.004638,80943.172198
256,64,rv,random,euclidean,128,1000,100,50,0.585796,585795854560,1145031571,1145036158,183375,183376,0.614163,1.628232,95176587,3301,0.000035,49317.334747,306844415,11352061,0.035676,25032.098705,278290539,10309024,0.035721,24430.719333,28553876,1043037,0.035241,30975.928485,9256342,37706,0.004057,76581.764918
256,64,rv,random,euclidean,8,1000,100,1,0.131152,131152220619,253071432,253076741,107133,107135,0.622139,1.607357,79586182,2957,0.000037,53346.931349,83337105,6227816,0.069534,26375.209572,60080508,5407457,0.082572,25488.353472,23256597,820359,0.034072,32220.987124,1399538,29494,0.020639,81967.776327
256,64,rv,random,euclidean,8,1000,100,10,0.131199,131198604558,253202874,253208183,104510,104512,0.622036,1.607624,79616602,2967,0.000037,54041.962926,83396642,6230217,0.069513,26396.416684,60116856,5407953,0.082533,25489.556660,23279786,822264,0.034116,32360.749784,1398951,29854,0.020894,81662.340490
256,64,rv,random,euclidean,16,1000,100,50,0.158379,158379153821,307835473,307840654,110432,110434,0.617638,1.619070,83300314,3067,0.000037,51684.567330,95666143,9722556,0.092254,25572.067484,71231282,8916156,0.111247,24979.912524,24434861,806400,0.031948,32119.371549,1867710,29439,0.015517,81139.004756
256,64,rv,random,euclidean,3072,1000,100,10,12.030544,12030543786828,22802902407,22802906952,380535,380535,0.633359,1.578883,113682712,8954,0.000079,52723.020438,5667636605,72966174,0.012711,51915.256453,5637728940,69677902,0.012208,52499.737865,29907665,3288272,0.099056,39530.198708,188002798,12462742,0.062169,83134.287111
256,64,rv,random,euclidean,2048,1000,100,10,8.143375,8143374565879,15440827549,15440832042,356002,356002,0.633124,1.579469,108995827,7697,0.000071,53243.277771,3853004277,45085662,0.011566,52632.986689,3823182353,42448898,0.010981,53511.725971,29821924,2636764,0.081234,38486.284837,124657866,8003345,0.060329,82537.411015
256,64,rv,random,euclidean,256,1000,100,100,1.126088,1126087972898,2177165571,2177170350,230220,230221,0.620920,1.610513,100951913,4201,0.000042,42760.203999,565967697,13284592,0.022934,25037.001514,535858336,12034525,0.021965,24399.233986,30109361,1250067,0.039863,31176.855826,15218923,53635,0.003512,73295.665778
256,64,rv,random,euclidean,4096,1000,100,1,16.112424,16112423590711,30495889725,30495894226,399238,399238,0.634271,1.576614,122420643,6717,0.000055,54796.940003,7447376523,221489278,0.028882,34893.106368,7418863362,215884679,0.028277,34857.932460,28513161,5604599,0.164272,36247.977235,358768652,16397554,0.043707,83036.559725
256,64,rv,random,euclidean,16,1000,100,10,0.154468,154468227151,300658306,300663487,110735,110737,0.616767,1.621358,81800790,3058,0.000037,51650.903205,93316302,9359031,0.091152,25613.127057,69407921,8572077,0.109927,25002.242133,23908381,786954,0.031867,32267.331247,1804803,29442,0.016051,81175.637660
256,64,rv,random,euclidean,512,1000,100,100,2.206039,2206039275349,4231989216,4231993917,444213,444214,0.625783,1.597998,106182359,5566,0.000052,39866.068990,1076904951,17704865,0.016175,24814.545007,1046138180,16219043,0.015267,24149.105550,30766771,1485822,0.046068,32078.397046,29254630,140630,0.004784,69880.723722
256,64,rv,random,euclidean,128,1000,100,10,0.567028,567028233779,1109219476,1109224063,173492,173493,0.613680,1.629513,93406729,3298,0.000035,49192.463918,297212243,10964129,0.035577,25072.975288,269284823,9949606,0.035632,24456.675035,27927420,1014523,0.035054,31117.140566,8839558,37716,0.004249,76554.304168
256,64,rv,random,euclidean,16,1000,100,100,0.162631,162630590066,315131637,315136818,103397,103399,0.619534,1.614116,85229785,3099,0.000036,50683.708938,98188790,10066152,0.092986,25547.526603,73129655,9245898,0.112241,24981.892981,25059135,820254,0.031695,31923.345277,1926419,29341,0.015002,80627.631233
256,64,rv,random,euclidean,32,1000,100,100,0.221667,221667324256,438729815,438734332,125387,125388,0.606540,1.648696,89654048,3326,0.000037,48275.430547,125900687,14063765,0.100481,24423.402753,99119147,13209891,0.117600,23948.954232,26781540,853874,0.030898,31763.377093,2753548,30227,0.010858,80721.178946
256,64,rv,random,euclidean,256,1000,100,10,1.062029,1062029319113,2060215128,2060219907,214990,214990,0.618841,1.615925,96153932,3380,0.000035,49740.697337,534942942,12434043,0.022716,25103.830186,506234007,11244796,0.021730,24440.532268,28708935,1189247,0.039777,31375.571693,14035597,53051,0.003766,72441.192475
256,64,rv,random,euclidean,4096,1000,100,10,16.112424,16112424148821,30496021268,30496025769,387530,387530,0.634268,1.576621,122443946,6673,0.000054,55367.598831,7447407616,221524613,0.028886,34890.752889,7418871204,215918162,0.028281,34854.963181,28536412,5606451,0.164206,36269.102212,358773962,16395979,0.043703,83034.931358
256,64,rv,random,euclidean,256,1000,100,1,1.062009,1062009059720,2060083662,2060088441,241885,241885,0.618868,1.615852,96154236,3401,0.000035,49880.069391,534886232,12427314,0.022706,25110.924920,506204013,11236448,0.021715,24448.585377,28682219,1190866,0.039864,31360.447402,14035396,52424,0.003721,73967.790153
256,64,rv,random,euclidean,8,1000,100,5,0.131182,131181865423,253152032,253157341,105407,105409,0.622082,1.607506,79606565,2961,0.000037,53508.082742,83370615,6228050,0.069511,26375.276966,60099615,5407694,0.082551,25488.476121,23271000,820356,0.034052,32220.967874,1399590,29502,0.020644,81979.262287
256,64,rv,random,euclidean,256,1000,100,50,1.097220,1097220068847,2127350876,2127355655,231748,231749,0.619170,1.615066,97980608,3381,0.000035,49869.376812,552421018,12877871,0.022781,25062.515580,523072654,11658725,0.021803,24415.838975,29348364,1219146,0.039884,31246.700824,14719465,53052,0.003591,72410.716655
256,64,rv,random,euclidean,64,1000,100,5,0.325284,325284243403,641314621,641319180,139453,139454,0.608901,1.642302,89982142,3996,0.000044,43196.970220,180134381,10169307,0.053437,25059.852666,153361237,9273439,0.057020,24423.039772,26773144,895868,0.032378,31651.722820,6079310,30115,0.004929,80897.294538
256,64,rv,random,euclidean,64,1000,100,1,0.325250,325250422770,641234029,641238588,146089,146090,0.608914,1.642267,89963237,3992,0.000044,43339.370741,180100638,10166435,0.053432,25058.542492,153342564,9269896,0.057006,24421.455216,26758074,896539,0.032419,31645.799471,6079033,30108,0.004928,80899.225887
256,64,rv,random,euclidean,32,1000,100,10,0.209435,209435397318,416226531,416231048,124947,124948,0.604053,1.655483,85908798,3282,0.000038,48949.029250,119324429,12983572,0.098131,24505.237169,93803502,12173323,0.114868,23999.464877,25520927,810249,0.030771,32104.048734,2565495,30227,0.011645,80594.661131
256,64,rv,random,euclidean,3072,1000,100,100,12.718217,12718217153243,24091535838,24091540383,379954,379955,0.633748,1.577914,119031565,7600,0.000064,54040.326974,5988297107,77572100,0.012788,53265.375663,5957018382,74147192,0.012294,53901.180418,31278725,3424908,0.098690,39500.586279,197359398,13766904,0.065207,83321.418349
256,64,rv,random,euclidean,32,1000,100,5,0.209396,209395727359,416175576,416180093,123098,123100,0.604013,1.655594,85899688,3281,0.000038,49211.994819,119296134,12981922,0.098141,24476.389721,93786297,12171287,0.114869,23967.355880,25509837,810635,0.030799,32119.283216,2567335,29147,0.011226,80871.494631
256,64,rv,random,euclidean,2048,1000,100,50,8.407393,8407392887957,15935780817,15935785310,355841,355841,0.633349,1.578909,111080617,7728,0.000070,53154.734601,3976337452,46825749,0.011639,53486.081940,3945886671,44136075,0.011062,54408.159495,30450781,2689674,0.081160,38355.295036,128294089,8526633,0.062320,82648.756365
256,64,rv,random,euclidean,256,1000,100,5,1.062050,1062049965851,2060164365,2060169144,229514,229515,0.618868,1.615853,96173853,3407,0.000035,49902.983563,534921240,12431294,0.022712,25111.379989,506224771,11240269,0.021722,24449.253279,28696469,1191025,0.039850,31360.184451,14036115,52426,0.003721,73926.898104
256,64,rv,random,euclidean,8,1000,100,100,0.137025,137024644876,263016003,263021312,103751,103753,0.625420,1.598926,82722396,3025,0.000037,52435.766612,87166382,6579701,0.070186,26352.136143,62884202,5739908,0.083643,25528.192657,24282180,839793,0.033429,31983.714171,1474640,29198,0.019416,81241.492499
256,64,rv,random,euclidean,3072,1000,100,1,12.030565,12030565426502,22802770900,22802775445,376505,376505,0.633364,1.578871,113665802,8967,0.000079,51953.300546,5667592718,72963186,0.012710,51935.498540,5637708035,69677032,0.012208,52512.699286,29884683,3286154,0.099068,39696.986634,188000246,12462876,0.062170,83149.664454
256,64,rv,random,euclidean,16,1000,100,1,0.154426,154425904920,300526800,300531981,109575,109577,0.616868,1.621093,81773943,3042,0.000037,52471.606509,93254701,9358097,0.091198,25611.094131,69371268,8571295,0.109969,25001.482001,23883433,786802,0.031893,32252.111055,1804730,29489,0.016077,81461.781715
1024,64,rv,random,euclidean,4096,1000,100,100,17.018586,17018585575040,32192559520,32192563661,483699,483699,0.634633,1.575713,128687668,8211,0.000064,53742.550725,7856876497,239812519,0.029619,35077.011788,7827140885,233886382,0.029014,35055.364993,29735612,5926071,0.166175,35931.399235,377321828,18010405,0.045558,83202.692480
1024,64,rv,random,euclidean,32,1000,100,1,0.209370,209369729429,416094816,416098973,133346,133347,0.604055,1.655478,85880050,3278,0.000038,49606.191885,119263212,12982805,0.098172,24473.398583,93768612,12171534,0.114891,23966.127906,25494599,811205,0.030837,32081.861654,2566499,29193,0.011247,80792.803035
1024,64,rv,random,euclidean,4096,1000,100,50,16.644449,16644449259452,31495341201,31495345342,409077,409077,0.634422,1.576238,124842179,7025,0.000056,55013.098648,7691332255,229117878,0.028927,35194.580245,7662245236,223365089,0.028326,35172.607820,29087019,5752723,0.165120,36047.793656,370015842,17333801,0.044750,83159.083349
1024,64,rv,random,euclidean,4096,1000,100,5,16.112428,16112427565787,30495970194,30495974335,412739,412739,0.634269,1.576618,122458148,6705,0.000055,55243.615809,7447445691,221447195,0.028876,34894.410672,7418915291,215845634,0.028271,34858.619621,28530400,5601495,0.164113,36273.640676,358773167,16398245,0.043709,83025.236082
1024,64,rv,random,euclidean,128,1000,100,1,0.566981,566981483320,1109087847,1109092074,202924,202925,0.613703,1.629454,93381202,3306,0.000035,49576.350272,297156383,10957283,0.035562,25078.351809,269254537,9942485,0.035611,24453.109766,27901845,1014733,0.035092,31204.018845,8837196,38551,0.004343,76649.740033
1024,64,rv,random,euclidean,2048,1000,100,1,8.143475,8143474514217,15440695869,15440700002,378124,378124,0.633137,1.579436,108953523,7642,0.000070,53463.186993,3852944263,45078876,0.011565,52687.329547,3823145128,42444626,0.010980,53565.316109,29799135,2634184,0.081218,38540.926367,124655504,8003415,0.060331,82622.228129
1024,64,rv,random,euclidean,128,1000,100,5,0.567016,567016346036,1109168446,1109172673,216801,216802,0.613696,1.629472,93401199,3318,0.000036,49601.911392,297188593,10960579,0.035569,25079.571863,269271885,9946243,0.035622,24454.596175,27916707,1014271,0.035058,31207.733846,8837673,38556,0.004344,76669.290902
1024,64,rv,random,euclidean,3072,1000,100,50,12.436187,12436186713895,23564941950,23564946135,389463,389463,0.633543,1.578426,115758229,10179,0.000088,51648.045879,5856813110,75837819,0.012783,52602.732581,5826276454,72487109,0.012289,53215.532340,30536656,3350644,0.098876,39346.025461,193610062,13234236,0.063982,83235.897030
1024,64,rv,random,euclidean,2048,1000,100,100,8.595110,8595109552078,16285144679,16285148812,487063,487063,0.633599,1.578284,114070432,12696,0.000111,48479.405876,4063806310,48252397,0.011734,54085.787187,4032598374,45502088,0.011158,55025.882725,31207936,2750243,0.080989,38532.694165,130855676,8910121,0.063750,82743.273634
1024,64,rv,random,euclidean,16,1000,100,5,0.154448,154448265139,300606961,300611444,116588,116590,0.616792,1.621291,81790955,3052,0.000037,52232.811927,93294074,9353583,0.091123,25611.678655,69391816,8571610,0.109944,25000.332313,23902255,781845,0.031674,32310.580829,1805051,29065,0.015847,81466.561638
1024,64,rv,random,euclidean,64,1000,100,100,0.345049,345048645312,678133897,678138096,346773,346775,0.610829,1.637119,93948438,4040,0.000043,43077.646535,190844493,10880796,0.053939,25012.855051,162739858,9931113,0.057515,24392.048687,28104635,949617,0.032684,31504.908179,6574773,30935,0.004683,81127.228317
1024,64,rv,random,euclidean,1024,1000,100,100,4.307435,4307435182295,8185335205,8185339294,461020,461020,0.631738,1.582934,108724535,7399,0.000068,45107.417219,2055315647,29349633,0.014079,40436.692595,2024431456,27391120,0.013350,40762.693419,30884191,1958447,0.059631,35877.516967,62660796,3274330,0.049660,81251.577025
1024,64,rv,random,euclidean,64,1000,100,10,0.325301,325300755129,641365296,641369495,170245,170247,0.608884,1.642349,89985943,4014,0.000045,43797.039860,180154558,10173553,0.053453,25049.992048,153373632,9274975,0.057025,24421.793407,26780925,898513,0.032461,31534.184042,6080289,29725,0.004865,80914.929655
1024,64,rv,random,euclidean,128,1000,100,100,0.600969,600968574710,1172958858,1172963085,403031,403032,0.615069,1.625833,97541033,3311,0.000034,48251.858351,314661388,11741355,0.035972,25013.017007,285370693,10666633,0.036031,24424.878339,29290694,1074657,0.035391,30850.405265,9567984,37690,0.003924,77110.208729
1024,64,rv,random,euclidean,8,1000,100,50,0.133862,133861729715,257823041,257827654,111534,111536,0.623289,1.604391,80995184,2982,0.000037,51573.929577,85179226,6383979,0.069722,26348.042349,61439139,5553463,0.082897,25497.758694,23740084,830388,0.033796,32032.820667,1432933,29257,0.020009,81341.665584
1024,64,rv,random,euclidean,2048,1000,100,5,8.143515,8143515362038,15440776469,15440780602,378654,378654,0.633137,1.579437,108975578,7652,0.000070,53397.890878,3852980155,45083001,0.011565,52683.348290,3823166482,42448889,0.010981,53560.616465,29813673,2634046,0.081178,38546.360042,124656306,8003413,0.060330,82617.343343
1024,64,rv,random,euclidean,3072,1000,100,5,12.030443,12030442987997,22802851229,22802855414,408771,408771,0.633355,1.578892,113557374,10254,0.000090,51353.060854,5667585913,73059592,0.012727,51913.842758,5637689211,69771268,0.012225,52498.694463,29896702,3288258,0.099089,39504.745382,188020158,12463251,0.062166,83181.025238
1024,64,rv,random,euclidean,32,1000,100,50,0.215550,215549844727,427929199,427933356,137541,137543,0.604687,1.653748,87506940,3298,0.000038,48809.304124,122570898,13578332,0.099731,24444.317842,96476330,12742803,0.116672,23956.873673,26094567,835463,0.031023,31876.321529,2667359,30217,0.011202,80603.032697
1024,64,rv,random,euclidean,64,1000,100,50,0.335709,335708748599,661317255,661321454,160791,160792,0.609408,1.640938,91678592,4044,0.000044,43605.201780,185803246,10518840,0.053580,25007.840267,158417656,9593553,0.057101,24394.270362,27385589,925222,0.032681,31369.466741,6355822,29731,0.004656,80935.639972
1024,64,rv,random,euclidean,128,1000,100,50,0.585796,585795629650,1145031403,1145035630,226798,226799,0.614163,1.628232,95175086,3288,0.000035,50188.756691,306842715,11352269,0.035677,25032.487776,278290397,10307876,0.035717,24430.423822,28552317,1044328,0.035285,30974.542811,9255831,37927,0.004081,76719.814275
1024,64,rv,random,euclidean,8,1000,100,1,0.131152,131151586706,253071095,253075708,112794,112796,0.622137,1.607363,79588595,2951,0.000037,53256.955947,83338928,6226119,0.069515,26360.860299,60080495,5407990,0.082579,25486.853996,23258430,818001,0.033975,32137.342888,1399498,29439,0.020602,80634.004178
1024,64,rv,random,euclidean,8,1000,100,10,0.131196,131195553279,253202601,253207214,112871,112873,0.622022,1.607659,79616613,2967,0.000037,51744.264240,83399508,6226685,0.069474,26359.243250,60115660,5408871,0.082547,25485.943745,23283845,817686,0.033927,32134.221278,1399950,29245,0.020463,81324.911814
1024,64,rv,random,euclidean,16,1000,100,50,0.158385,158385029803,307835074,307839557,117469,117471,0.617662,1.619008,83304186,3078,0.000037,51306.900260,95669127,9722617,0.092252,25561.205945,71234636,8916247,0.111243,24978.923911,24434488,806242,0.031942,31997.294283,1868232,28828,0.015196,81205.824892
1024,64,rv,random,euclidean,3072,1000,100,10,12.030610,12030609672130,22802902165,22802906350,359727,359727,0.633363,1.578874,113559714,10158,0.000089,51548.906871,5667663345,73061057,0.012727,51894.820099,5637753294,69775379,0.012225,52478.543682,29910051,3285612,0.098977,39498.954678,188020462,12466584,0.062181,83166.694000
1024,64,rv,random,euclidean,2048,1000,100,10,8.143519,8143519481223,15440827271,15440831404,378353,378353,0.633135,1.579441,108998430,7653,0.000070,53195.208023,3853003771,45085695,0.011566,52668.686572,3823183667,42447323,0.010981,53546.374827,29820104,2638306,0.081283,38548.286693,124657065,8003578,0.060331,82579.255275
1024,64,rv,random,euclidean,256,1000,100,100,1.126097,1126097071757,2177165404,2177169823,437360,437361,0.620925,1.610500,100960348,4187,0.000041,42727.508479,565965850,13286333,0.022937,25027.117339,535856934,12036023,0.021968,24392.726230,30108915,1250245,0.039869,31134.134542,15219049,53004,0.003471,73364.355162
1024,64,rv,random,euclidean,4096,1000,100,1,16.112387,16112386706304,30495889594,30495893735,405532,405532,0.634269,1.576618,122433064,6701,0.000055,55079.436800,7447410549,221448242,0.028876,34894.940817,7418897443,215843787,0.028271,34859.275082,28513106,5604389,0.164267,36268.620504,358773277,16398235,0.043709,83028.974590
1024,64,rv,random,euclidean,16,1000,100,10,0.154472,154471631622,300657907,300662390,111933,111934,0.616781,1.621321,81802455,3064,0.000037,52021.448107,93317868,9358903,0.091149,25601.660978,69409648,8572188,0.109925,25001.009896,23908217,786587,0.031852,32144.069465,1805380,28834,0.015720,81274.064056
1024,64,rv,random,euclidean,512,1000,100,100,2.206016,2206015574000,4231989071,4231993412,451028,451028,0.625776,1.598015,106189210,5554,0.000052,39132.252251,1076903154,17698966,0.016169,24815.289637,1046135908,16213818,0.015262,24143.785699,30767245,1485083,0.046046,32146.426862,29256029,140817,0.004790,69816.864704
1024,64,rv,random,euclidean,128,1000,100,10,0.567028,567028305417,1109219308,1109223535,200702,200703,0.613680,1.629512,93406385,3281,0.000035,50206.974093,297211363,10963801,0.035577,25073.820346,269284815,9948608,0.035628,24456.749809,27926547,1015128,0.035075,31120.791202,8839096,37930,0.004273,76701.491959
1024,64,rv,random,euclidean,16,1000,100,100,0.162636,162636126184,315131300,315135783,273589,273593,0.619556,1.614059,85231140,3100,0.000036,50682.675806,98189777,10065295,0.092978,25546.662459,73131102,9244976,0.112229,24981.326145,25058673,820190,0.031693,31916.995204,1926440,28850,0.014755,81431.566170
1024,64,rv,random,euclidean,32,1000,100,100,0.221620,221619722471,438729607,438733764,309218,309221,0.606410,1.649049,89636600,3331,0.000037,47851.611228,125890062,14066110,0.100504,24377.289279,99108057,13212906,0.117635,23918.687111,26782005,853137,0.030871,31478.681047,2754053,28426,0.010216,80731.555513
1024,64,rv,random,euclidean,256,1000,100,10,1.062056,1062055681064,2060214976,2060219395,261806,261807,0.618856,1.615884,96166432,3385,0.000035,49931.275037,534939305,12436815,0.022721,25117.275198,506232565,11245575,0.021731,24446.912881,28706739,1191175,0.039841,31445.639942,14035290,53400,0.003790,73040.262697
1024,64,rv,random,euclidean,4096,1000,100,10,16.112526,16112526073868,30496021101,30496025242,409457,409457,0.634272,1.576611,122456057,6987,0.000057,55049.055961,7447428898,221492882,0.028882,34898.735048,7418890398,215888721,0.028277,34863.251805,28538500,5604095,0.164138,36265.742614,358775591,16395783,0.043702,83049.967919
1024,64,rv,random,euclidean,256,1000,100,1,1.064182,1064182143472,2060083562,2060087981,254079,254079,0.620135,1.612553,96641519,4152,0.000043,43997.527216,535111883,12401379,0.022650,25086.933411,506426964,11213410,0.021663,24419.453006,28684918,1187904,0.039765,31387.366475,14035812,52843,0.003751,74001.306871
1024,64,rv,random,euclidean,8,1000,100,5,0.131182,131181554714,253151695,253156308,112452,112454,0.622081,1.607508,79609040,2956,0.000037,53229.150880,83372818,6226334,0.069491,26361.004812,60099982,5408208,0.082558,25487.067009,23272833,817998,0.033955,32137.288652,1399548,29447,0.020607,80704.175739
1024,64,rv,random,euclidean,256,1000,100,50,1.097243,1097242742274,2127350684,2127355103,270659,270660,0.619182,1.615033,97989309,3382,0.000035,49748.474276,552413018,12881322,0.022787,25076.459100,523067106,11659929,0.021805,24423.066035,29345911,1221328,0.039955,31314.008930,14719132,53420,0.003616,73083.850599
1024,64,rv,random,euclidean,64,1000,100,5,0.325267,325267395145,641314293,641318492,161008,161009,0.608870,1.642387,89964712,4008,0.000045,43282.538673,180125674,10169750,0.053442,25063.856628,153354394,9272223,0.057015,24423.345973,26771279,897462,0.032436,31680.919680,6078712,30552,0.005001,80703.752258
1024,64,rv,random,euclidean,64,1000,100,1,0.325236,325235993544,641233685,641237884,145523,145524,0.608888,1.642339,89947574,4005,0.000045,43309.136330,180092009,10166850,0.053437,25062.696632,153335806,9268647,0.057001,24421.921344,26756202,898138,0.032477,31674.959873,6078505,30550,0.005001,80715.879476
1024,64,rv,random,euclidean,32,1000,100,10,0.209434,209434267770,416226299,416230456,131580,131581,0.604050,1.655491,85906154,3281,0.000038,48547.067358,119327861,12984129,0.098133,24506.466449,93805725,12175297,0.114882,24003.318567,25522135,808766,0.030715,32078.172086,2564570,30230,0.011650,80629.377307
1024,64,rv,random,euclidean,3072,1000,100,100,12.718013,12718012733377,24091535541,24091539726,488100,488100,0.633738,1.577939,118886299,7919,0.000067,54366.635434,5988219559,77643214,0.012800,53237.553834,5956943109,74216245,0.012305,53873.806519,31276450,3426903,0.098748,39458.693892,197383405,13765628,0.065194,83337.605388
1024,64,rv,random,euclidean,32,1000,100,5,0.209397,209397365037,416175409,416179566,131173,131175,0.604018,1.655580,85898979,3284,0.000038,49198.999086,119295520,12983936,0.098155,24473.726768,93786403,12172783,0.114882,23966.533444,25509116,811087,0.030816,32082.917026,2566612,29194,0.011247,80785.699116
1024,64,rv,random,euclidean,2048,1000,100,50,8.407525,8407525098385,15935780579,15935784712,382860,382861,0.633359,1.578884,111086403,7688,0.000069,53075.362123,3976335995,46826250,0.011639,53513.643927,3945887080,44134919,0.011061,54434.395602,30448915,2691265,0.081209,38414.549730,128293010,8527115,0.062324,82679.925863
1024,64,rv,random,euclidean,256,1000,100,5,1.064203,1064202929321,2060164162,2060168581,282863,282864,0.620123,1.612584,96651151,4153,0.000043,43791.971346,535139737,12405158,0.022656,25087.603580,506440510,11217097,0.021669,24420.364519,28699226,1187996,0.039749,31387.341547,14036545,52857,0.003752,73954.410390
1024,64,rv,random,euclidean,8,1000,100,100,0.137025,137024584067,263015658,263020271,260027,260031,0.625420,1.598925,82722180,3018,0.000036,51189.754473,87164995,6579978,0.070190,26340.220637,62883277,5740118,0.083647,25526.440972,24281716,839731,0.033427,31900.991020,1474535,29194,0.019414,81424.294718
1024,64,rv,random,euclidean,3072,1000,100,1,12.030402,12030401911101,22802770692,22802774877,401709,401709,0.633355,1.578892,113528329,10243,0.000090,51363.074392,5667556379,73057630,0.012726,51914.159469,5637674617,69768760,0.012224,52499.186240,29881762,3288804,0.099148,39503.854364,188019355,12463363,0.062167,83183.365204
1024,64,rv,random,euclidean,16,1000,100,1,0.154420,154420306327,300526361,300530844,116011,116013,0.616846,1.621150,81774500,3042,0.000037,51803.180145,93257955,9353139,0.091151,25611.351655,69370177,8571086,0.109969,24999.893076,23887775,781925,0.031696,32310.389010,1804995,29057,0.015843,81427.986062
